global,time,tm_val_ictg_zs_un
world,2000,15.5193
world,2001,14.73411
world,2002,14.55396
world,2003,14.36739
world,2004,14.5124
world,2005,13.88486
world,2006,13.85341
world,2007,12.99697
world,2008,11.808
world,2009,12.94536
world,2010,12.96602
world,2011,11.5407
world,2012,11.54274
world,2013,11.51059
world,2014,11.70872
world,2015,12.96811
world,2016,13.21511
world,2017,13.38247
world,2018,13.14522
world,2019,13.30145
world,2020,15.14884
