global,time,sh_uhc_nop1_to
world,2000,124426040.64941
world,2005,129703628.54004
world,2010,121841903.68652
world,2015,115427459.7168
world,2017,70353187.56104
