global,time,ic_tax_paym
world,2005,34.55828
world,2006,33.94012
world,2007,33.24706
world,2008,32.09357
world,2009,31.80814
world,2010,31.17442
world,2011,29.86207
world,2012,27.91011
world,2013,27.41439
world,2014,26.54667
world,2015,25.93291
world,2016,24.95407
world,2017,23.96905
world,2018,23.84289
world,2019,23.12184
