global,time,fx_own_totl_60_zs
world,2011,57.06116
world,2014,66.93756
world,2017,73.85059
