global,time,sh_prv_smok_fe
world,2000,17.90207
world,2005,14.85158
world,2010,12.37128
world,2015,10.34327
world,2018,9.29692
world,2019,8.96757
world,2020,8.6912
