global,time,iq_cpa_envr_xq
world,2005,3.11184
world,2006,3.05769
world,2007,3.09333
world,2008,3.08667
world,2009,3.08442
world,2010,3.11039
world,2011,3.12179
world,2012,3.1375
world,2013,3.11111
world,2014,3.15132
world,2015,3.17105
world,2016,3.13014
world,2017,3.11486
world,2018,3.14384
world,2019,3.18
world,2020,3.19863
