global,time,lp_lpi_time_xq
world,2007,3.16967
world,2010,3.40923
world,2012,3.25779
world,2014,3.25307
world,2016,3.26869
world,2018,3.23644
