global,time,sh_med_phys_zs
world,1990,1.29626
world,2000,1.53105
world,2010,1.52139
world,2017,1.75668
