global,time,lp_lpi_trac_xq
world,2007,2.729
world,2010,2.91781
world,2012,2.87994
world,2014,2.89916
world,2016,2.86343
world,2018,2.90112
