global,time,iq_cpa_hres_xq
world,2005,3.38816
world,2006,3.38462
world,2007,3.41333
world,2008,3.44
world,2009,3.41558
world,2010,3.46104
world,2011,3.54487
world,2012,3.575
world,2013,3.59877
world,2014,3.60526
world,2015,3.59868
world,2016,3.60274
world,2017,3.56757
world,2018,3.61644
world,2019,3.59333
world,2020,3.57534
