global,time,sh_uhc_nop1_zs
world,2000,2.0424
world,2005,1.99882
world,2010,1.76615
world,2015,1.57854
world,2017,0.94024
