global,time,sh_prv_smok
world,2000,34.1703
world,2005,30.76335
world,2010,27.78577
world,2015,25.22869
world,2018,23.43508
world,2019,23.40417
world,2020,22.9833
