global,time,ic_imp_csdc_cd
world,2014,158.03236
world,2015,158.78751
world,2016,160.00119
world,2017,159.73144
world,2018,157.75857
world,2019,156.47865
