global,time,sh_alc_pcap_fe_li
world,2000,2.41678
world,2005,2.40129
world,2010,2.69579
world,2015,2.66651
world,2018,2.61434
