global,time,lp_lpi_ovrl_xq
world,2007,2.74013
world,2010,2.86613
world,2012,2.87052
world,2014,2.89428
world,2016,2.88373
world,2018,2.86625
