global,time,lp_imp_durs_md
world,2007,5.49709
world,2010,4.61833
world,2012,5.89286
world,2014,3.1028
world,2016,4.94017
world,2018,4.02198
