global,time,se_xpd_prim_pc_zs
world,2010,15.16503
world,2011,15.40649
world,2012,14.86019
world,2013,15.5618
