global,time,sh_dth_comm_zs
world,2000,30.65128
world,2010,23.51364
world,2015,20.47606
world,2019,18.40885
