global,time,ag_lnd_totl_ru_k2
world,1990,111794070.42397
world,2000,111794070.42397
world,2010,111794070.42397
