global,time,se_xpd_prim_zs
world,2010,33.19557
world,2011,32.69653
world,2012,34.18959
world,2013,31.59043
