global,time,sh_uhc_oopc_25_to
world,2000,131323379.5166
world,2005,167392028.80859
world,2010,188554016.11328
world,2015,269972290.03906
world,2017,289834381.10352
