global,time,sp_pop_scie_rd_p6
world,2000,1075.21579
world,2005,1204.43608
world,2010,1282.49763
world,2015,1410.47263
