global,time,se_xpd_seco_zs
world,2010,34.51898
world,2011,34.16015
world,2012,33.95379
world,2013,32.73397
