global,time,ag_lnd_el5m_ur_k2
world,1990,135735.13717
world,2000,135735.13717
world,2010,135735.13717
