global,time,lp_lpi_cust_xq
world,2007,2.556
world,2010,2.59355
world,2012,2.65662
world,2014,2.72587
world,2016,2.70533
world,2018,2.673
