global,time,sh_uhc_oopc_10_zs
world,2000,9.42868
world,2005,10.82481
world,2010,11.295
world,2015,12.74768
world,2017,13.20552
