global,time,iq_cpa_finq_xq
world,2005,3.23684
world,2006,3.23077
world,2007,3.23333
world,2008,3.24
world,2009,3.28571
world,2010,3.2987
world,2011,3.26923
world,2012,3.225
world,2013,3.2037
world,2014,3.18421
world,2015,3.15789
world,2016,3.13699
world,2017,3.09459
world,2018,3.10274
world,2019,3.08667
world,2020,3.0274
