global,time,se_sec_tcaq_up_fe_zs
world,2016,91.51847
world,2017,90.43636
world,2018,92.06707
world,2019,83.36152
