global,time,lp_lpi_itrn_xq
world,2007,2.71847
world,2010,2.84523
world,2012,2.82701
world,2014,2.86432
world,2016,2.86594
world,2018,2.82994
