global,time,sm_pop_totl_zs
world,1990,2.87965
world,1995,2.82062
world,2000,2.83367
world,2005,2.95331
world,2010,3.21566
world,2015,3.3428
