global,time,lp_lpi_infr_xq
world,2007,2.5804
world,2010,2.63723
world,2012,2.76948
world,2014,2.76628
world,2016,2.75472
world,2018,2.72275
