global,time,se_sec_tcaq_up_ma_zs
world,2016,84.62772
world,2017,85.16457
world,2018,86.44261
world,2019,79.39685
