global,time,iq_cpa_padm_xq
world,2005,3.00658
world,2006,2.96795
world,2007,2.98
world,2008,2.99333
world,2009,2.99351
world,2010,3.01299
world,2011,2.96795
world,2012,2.9375
world,2013,2.92593
world,2014,2.94737
world,2015,2.90789
world,2016,2.89041
world,2017,2.85811
world,2018,2.88356
world,2019,2.86667
world,2020,2.84247
