global,time,sh_sta_orth
world,1986,20.04289
world,1987,24.7987
world,1989,34.70109
