global,time,lp_exp_durs_md
world,2007,4.04854
world,2010,3.77595
world,2012,4.16522
world,2014,2.63636
world,2016,4.12605
world,2018,4.38947
