global,time,ic_lgl_cred_xq
world,2013,4.67725
world,2014,4.80423
world,2015,4.94211
world,2016,5.03684
world,2017,5.34737
world,2018,5.50785
world,2019,5.68586
