global,time,ic_crd_info_xq
world,2013,3.98413
world,2014,4.19048
world,2015,4.42632
world,2016,4.62105
world,2017,4.82105
world,2018,4.93194
world,2019,5.19895
