global,time,fx_own_totl_40_zs
world,2011,41.34515
world,2014,54.60172
world,2017,60.53794
