global,time,se_sec_tcaq_fe_zs
world,2016,88.2317
world,2017,88.27892
world,2018,88.36084
world,2019,84.64684
