global,time,ic_bus_dfrn_xq
world,2015,59.88092
world,2016,60.50411
world,2017,61.32003
world,2018,62.22611
world,2019,63.05301
