global,time,ic_imp_csbc_cd
world,2014,455.52996
world,2015,461.8197
world,2016,460.87018
world,2017,459.89953
world,2018,450.4859
world,2019,442.19881
