global,time,iq_cpa_revn_xq
world,2005,3.42763
world,2006,3.39744
world,2007,3.41333
world,2008,3.42667
world,2009,3.46753
world,2010,3.48052
world,2011,3.47436
world,2012,3.4625
world,2013,3.45062
world,2014,3.44079
world,2015,3.44737
world,2016,3.43836
world,2017,3.41892
world,2018,3.41781
world,2019,3.34667
world,2020,3.34247
