global,time,se_prm_tcaq_zs
world,2013,85.85277
world,2014,85.66631
world,2015,85.13483
world,2016,83.43013
world,2017,84.62663
world,2018,85.11989
world,2019,83.84062
world,2020,82.54264
