global,time,tx_val_ictg_zs_un
world,2000,15.12239
world,2001,14.63278
world,2002,14.80947
world,2003,14.93416
world,2004,15.20177
world,2005,14.28183
world,2006,14.23509
world,2007,13.15448
world,2008,12.24506
world,2009,13.08521
world,2010,12.86711
world,2011,11.64009
world,2012,11.46553
world,2013,11.32723
world,2014,11.428
world,2015,11.94025
world,2016,12.13427
world,2017,12.35421
world,2018,12.47501
world,2019,12.65589
world,2020,14.32536
