global,time,en_pop_slum_ur_zs
world,2000,39.66155
world,2005,35.51056
world,2010,33.16848
world,2014,29.61855
world,2018,29.23614
