global,time,se_sec_tcaq_lo_zs
world,2016,84.39626
world,2017,84.88187
world,2018,84.16019
world,2019,83.99882
