global,time,sh_prv_smok_ma
world,2000,50.51199
world,2005,46.76189
world,2010,43.30833
world,2015,40.2606
world,2018,38.4806
world,2019,37.96464
world,2020,37.37135
