global,time,sh_alc_pcap_ma_li
world,2000,8.5746
world,2005,8.46376
world,2010,9.87636
world,2015,9.92838
world,2018,9.7473
