global,time,iq_cpa_prop_xq
world,2005,2.93421
world,2006,2.89103
world,2007,2.9
world,2008,2.89333
world,2009,2.9026
world,2010,2.9026
world,2011,2.92949
world,2012,2.9
world,2013,2.88272
world,2014,2.86184
world,2015,2.88816
world,2016,2.89041
world,2017,2.86486
world,2018,2.88356
world,2019,2.88667
world,2020,2.86301
