global,time,iq_cpa_pres_xq
world,2005,3.38158
world,2006,3.37179
world,2007,3.39333
world,2008,3.36667
world,2009,3.42857
world,2010,3.50649
world,2011,3.48718
world,2012,3.45
world,2013,3.42593
world,2014,3.38816
world,2015,3.36184
world,2016,3.30822
world,2017,3.30405
world,2018,3.34247
world,2019,3.36
world,2020,3.37671
