global,time,ic_exp_tmdc
world,2014,54.99292
world,2015,53.94242
world,2016,52.90168
world,2017,51.10166
world,2018,48.1589
world,2019,44.5556
