global,time,ic_exp_csdc_cd
world,2014,123.76563
world,2015,124.96901
world,2016,123.79348
world,2017,123.52677
world,2018,122.35345
world,2019,121.64232
