global,time,dt_oda_oatl_cd
world,1990,2276949951.17188
world,1991,6401109863.28125
world,1992,4371260253.90625
world,1993,3737390136.71875
world,1994,5181109863.28125
world,1995,7122279785.15625
world,1996,4497939941.40625
world,1997,5181609863.28125
world,1998,6456089843.75
world,1999,6440890136.71875
world,2000,6647390136.71875
world,2001,5729270019.53125
world,2002,5529160156.25
world,2003,6458520019.53125
world,2004,8320969726.5625
