global,time,sh_uhc_nop2_zs
world,2000,1.82916
world,2005,2.05181
world,2010,2.11922
world,2015,2.24279
world,2017,1.58205
