global,time,se_sec_tcaq_up_zs
world,2016,88.05742
world,2017,87.82224
world,2018,89.28507
world,2019,81.40825
