global,time,iq_cpa_strc_xq
world,2005,3.39912
world,2006,3.38291
world,2007,3.40889
world,2008,3.396
world,2009,3.40476
world,2010,3.38095
world,2011,3.35684
world,2012,3.32917
world,2013,3.33128
world,2014,3.29825
world,2015,3.25877
world,2016,3.23744
world,2017,3.20721
world,2018,3.20776
world,2019,3.17333
world,2020,3.15297
