global,time,sh_uhc_oopc_25_zs
world,2000,2.1387
world,2005,2.56012
world,2010,2.71177
world,2015,3.66013
world,2017,3.84191
