global,time,iq_cpa_tran_xq
world,2005,2.88816
world,2006,2.87179
world,2007,2.88
world,2008,2.86667
world,2009,2.87013
world,2010,2.85065
world,2011,2.92308
world,2012,2.90625
world,2013,2.91358
world,2014,2.90789
world,2015,2.88158
world,2016,2.85616
world,2017,2.82432
world,2018,2.84247
world,2019,2.84667
world,2020,2.85616
