global,time,dt_nfl_faog_cd
world,2013,450937988.28125
world,2014,0
world,2015,0
world,2016,0
world,2017,436115753.17383
world,2018,397098724.36523
world,2019,455483917.23633
