global,time,lp_lpi_logs_xq
world,2007,2.70633
world,2010,2.75826
world,2012,2.81896
world,2014,2.85384
world,2016,2.82349
world,2018,2.81588
