global,time,ag_lnd_el5m_ru_k2
world,1990,1153481.99586
world,2000,1153481.99586
world,2010,1153481.99586
