global,time,iq_cpa_irai_xq
world,2005,3.33695
world,2006,3.31774
world,2007,3.33267
world,2008,3.33067
world,2009,3.3369
world,2010,3.33712
world,2011,3.3234
world,2012,3.29406
world,2013,3.27953
world,2014,3.25088
world,2015,3.22862
world,2016,3.19429
world,2017,3.16667
world,2018,3.17865
world,2019,3.17056
world,2020,3.15993
