global,time,tx_val_tech_mf_zs
world,2007,20.30118
world,2008,19.32401
world,2009,20.95499
world,2010,20.29864
world,2011,18.5678
world,2012,18.75406
world,2013,18.92296
world,2014,18.93736
world,2015,19.87267
world,2016,20.02392
world,2017,20.4962
world,2018,20.44349
world,2019,20.74986
world,2020,22.2114
