global,time,iq_cpa_trad_xq
world,2005,3.75658
world,2006,3.78205
world,2007,3.79333
world,2008,3.80667
world,2009,3.86364
world,2010,3.83766
world,2011,3.80769
world,2012,3.80625
world,2013,3.83951
world,2014,3.81579
world,2015,3.77632
world,2016,3.78082
world,2017,3.76351
world,2018,3.78082
world,2019,3.74667
world,2020,3.73288
