global,time,ic_imp_tmdc
world,2014,73.04565
world,2015,69.77679
world,2016,66.77284
world,2017,65.05911
world,2018,60.56441
world,2019,53.04891
