global,time,ic_exp_csbc_cd
world,2014,397.94252
world,2015,398.53857
world,2016,400.33842
world,2017,398.8949
world,2018,393.33217
world,2019,388.17895
