global,time,ic_exp_tmbc
world,2014,60.62289
world,2015,60.43872
world,2016,59.71433
world,2017,58.30292
world,2018,55.4698
world,2019,52.86933
