global,time,se_sec_tcaq_zs
world,2016,85.99617
world,2017,86.16037
world,2018,86.3901
world,2019,82.86072
