global,time,iq_cpa_prot_xq
world,2005,3.13699
world,2006,3.10811
world,2007,3.10811
world,2008,3.14667
world,2009,3.14286
world,2010,3.14935
world,2011,3.08974
world,2012,3.04375
world,2013,3.00617
world,2014,2.97368
world,2015,2.97368
world,2016,2.9726
world,2017,2.9527
world,2018,2.96575
world,2019,2.94667
world,2020,2.9726
