global,time,ic_imp_tmbc
world,2014,76.21878
world,2015,76.16708
world,2016,76.69273
world,2017,74.50231
world,2018,69.83424
world,2019,66.9455
