global,time,sh_alc_pcap_li
world,2000,5.48834
world,2005,5.42883
world,2010,6.28377
world,2015,6.29896
world,2018,6.18263
