global,time,sh_dth_injr_zs
world,2000,8.54811
world,2010,8.85678
world,2015,8.30325
world,2019,7.95733
