global,time,sh_uhc_nop2_to
world,2000,111435119.62891
world,2005,133142486.57227
world,2010,146199432.37305
world,2015,163998565.67383
world,2017,118375930.78613
