global,time,sh_uhc_oopc_10_to
world,2000,578952270.50781
world,2005,707774414.0625
world,2010,785362243.65234
world,2015,940271606.44531
world,2017,996226074.21875
