global,time,se_sec_tcaq_ma_zs
world,2016,83.45365
world,2017,83.69011
world,2018,84.0723
world,2019,80.74196
