global,time,sh_dth_ncom_zs
world,2000,60.80061
world,2010,67.62958
world,2015,71.22068
world,2019,73.63382
