global,time,se_sec_tcaq_lo_ma_zs
world,2016,82.41617
world,2017,82.39819
world,2018,81.98431
world,2019,81.95017
