global,time,se_xpd_tert_zs
world,2008,20.86558
world,2009,20.18324
world,2010,20.11094
world,2011,20.47037
world,2012,19.69241
world,2013,21.61507
