global,time,se_sec_tcaq_lo_fe_zs
world,2016,85.9595
world,2017,86.79701
world,2018,85.81853
world,2019,85.54289
