global,time,iq_cpa_econ_xq
world,2005,3.54605
world,2006,3.54744
world,2007,3.55111
world,2008,3.54133
world,2009,3.53896
world,2010,3.52597
world,2011,3.49573
world,2012,3.44583
world,2013,3.41152
world,2014,3.35526
world,2015,3.31579
world,2016,3.24658
world,2017,3.21622
world,2018,3.21918
world,2019,3.23556
world,2020,3.22374
